{"cameraMode":{"drawMode":0,"name":"Shaded","section":"Shading Mode"},"sceneLighting":true,"audioPlay":false,"sceneViewState":{"showFog":true,"showMaterialUpdate":false,"showSkybox":true,"showFlares":true,"showImageEffects":true,"showParticleSystems":true},"in2DMode":false,"pivot":{"x":6.097683906555176,"y":4.908674240112305,"z":5.817289352416992},"rotation":{"x":-0.2659890353679657,"y":0.7106426954269409,"z":-0.5553120970726013,"w":-0.34039121866226199},"size":13.954764366149903,"orthographic":false}